<?xml version="1.0" encoding="UTF-8"?>
<beans xmlns="http://www.springframework.org/schema/beans"
	xmlns:xsi="http://www.w3.org/2001/XMLSchema-instance"
	xmlns:tx="http://www.springframework.org/schema/tx"
	xmlns:context="http://www.springframework.org/schema/context"
	xsi:schemaLocation="http://www.springframework.org/schema/beans http://www.springframework.org/schema/beans/spring-beans-3.2.xsd
		http://www.springframework.org/schema/context http://www.springframework.org/schema/context/spring-context-3.2.xsd
		http://www.springframework.org/schema/tx http://www.springframework.org/schema/tx/spring-tx-3.2.xsd">
		<context:component-scan base-package="com.cg"/>
		<bean id="dataSource" class="org.springframework.jdbc.datasource.DriverManagerDataSource">
		<property name="driverClassName" value="oracle.jdbc.driver.OracleDriver"></property>
		<property name="url" value="jdbc:oracle:thin:@localhost:1521:XE"/>
		<property name="username" value="system"/>
		<property name="password" value="India123"/>
		</bean>
		<bean id="entityManagerFactory" class="org.springframework.orm.jpa.LocalContainerEntityManagerFactoryBean">
		<property name="dataSource" ref="dataSource"/>
		<property name="packagesToScan" value="com.cg.entities"/>
		<property name="persistenceProviderClass" value="org.hibernate.jpa.HibernatePersistenceProvider"/>
		<property name="jpaPropertyMap">
		<map>
		<entry key="hibernate.dialect" value="org.hibernate.dialect.Oracle10gDialect"/>
		<entry key="hibernate.hbm2ddl.auto" value="create"/>
		</map>
		</property>
		</bean>
		<bean class="org.springframework.orm.jpa.support.PersistenceAnnotationBeanPostProcessor"/>
		<bean id="transactionManager" class="orm.springframework.orm.jpa.JpaTransactionManager">
		<property name="entityManagerFactory" ref="entityManagerFactory"/>
		</bean>
		<tx:annotation-driven transaction-manager="transactionManager"/>
</beans>